Bundesland,Bodenflaeche_ins,Siedlungs_u_Verkehrsflaeche,Landwirtschaftsflaeche,Waldflaeche,Wasserflaeche,Sonst_Flaechen
Baden-Württemberg,35748,5220,16136,13527,391,475
Bayern,70542,8512,32733,24901,1216,3179
Berlin,891,629,36,158,58,10
Brandenburg,29654,2818,14450,10320,999,1068
Bremen,420,237,118,5,49,11
Hamburg,755,445,174,40,62,35
Hessen,21116,3366,8797,8400,293,259
Mecklenburg-Vorpommern,23293,1940,14404,4936,1333,679
Niedersachsen,47710,6713,27729,10306,1018,1944
Nordrhein-Westfalen,34112,7840,16148,8487,627,1010
Rheinland-Pfalz,19858,2848,8138,8059,284,529
Saarland,2571,550,1103,856,26,37
Sachsen,18450,2478,10009,4952,438,573
Sachsen-Anhalt,20454,2256,12350,4570,448,830
Schleswig-Holstein,15804,2069,10855,1624,765,491
Thüringen,16202,1897,8445,5405,195,260